num_1,num_2,add_nums,sub_nums,mult_nums,div_nums
50.08744651,65.40107719,115.4885237,-15.31363068,3275.772955,0.765850482
32.59009139,51.61079892,84.20089031,-19.02070753,1682.000654,0.631458766
72.25555964,0,83.88425064,60.62686863,840.2375765,6.21355917
45.45621666,57.65805915,103.1142758,-12.20184249,2620.917229,0.788375768
64.99361152,77.22396336,142.2175749,-12.23035184,5019.064274,0.841624914
